Workbook

Sheet Context
A1: Non Critical Setup Information | F1: Output Files:
A2: Product Name | B2: WCBMS | F2: sv_user.h | G2: Include file for user | H2: Fixed
A3: EEPROM Part Number | B3: 24C16 | F3: sv_add.h | G3: header for accessing variables by user | H3: Generated
F4: sv_user.c | G4: read/write/init APIs for user, validation callbacks | H4: fixed
F5: sv_ram.c | G5: Buffers for storage, structs for segments | H5: Generated
F6: sv_internal_config.h | G6: Internal preprocessor based configs | H6: Generated
F7: sv_drv.c | G7: Internal drivers | H7: fixed
A8: Critical Context Data | F8: sv_main.c | G8: refresh logic, internal drivers | H8: fixed
A9: Segment Count | B9: 3 | F9: sv_eeprom.c | G9: EEPROM drivers | H9: fixed
A10: Page Size | B10: 128 | C10: EEPROM Only
A11: Packed Storage | B11: NO | C11: YES - Allow crossing of variables over page boundaries
A12: Enable Segment Type Prefix | B12: NO
A13: Enable Segment Name Prefix | B13: YES

Sheet varSheet1
A1: Segment | B1: Configuration
A2: Flavor | B2: RAM_ONLY
A3: Offset Address | B3: 0 | C3: Applicable for EEPROM only
A4: SegmentPrefix | B4: BMS
A5: RefreshTime (sec) | B5: 0 | C5: Applicable for EEPROM only, 0-On Demand, other value - sec | I5: Results
A6: varType | B6: varName | C6: varDepth1 | D6: varDepth2 | E6: varDesc | I6: suffix | J6: Size | K6: Name
A7: uint8_t | B7: Battery_Count | C7: 10 | D7: 1 | I7: =VLOOKUP(A7,misc!$C$2:$E$15,3,FALSE) -> u8 | J7: =(VLOOKUP(A7, misc!$C$2:$D$28, 2, FALSE)) * C7 * D7 -> 10 | K7: =CONCATENATE("SVAR_",$B$4,"_",B7,"_",I7) -> SVAR_BMS_Battery_Count_u8
A8: uint8_t | B8: UnderVolt_Threshold | C8: 1 | D8: 1 | I8: =VLOOKUP(A8,misc!$C$2:$E$15,3,FALSE) -> u8 | J8: =(VLOOKUP(A8, misc!$C$2:$D$28, 2, FALSE)) * C8 * D8 -> 1 | K8: =CONCATENATE("SVAR_",$B$4,"_",B8,"_",I8) -> SVAR_BMS_UnderVolt_Threshold_u8
A9: uint8_t | B9: OverVolt_Threshold | C9: 1 | D9: 1 | I9: =VLOOKUP(A9,misc!$C$2:$E$15,3,FALSE) -> u8 | J9: =(VLOOKUP(A9, misc!$C$2:$D$28, 2, FALSE)) * C9 * D9 -> 1 | K9: =CONCATENATE("SVAR_",$B$4,"_",B9,"_",I9) -> SVAR_BMS_OverVolt_Threshold_u8
A10: int16_t | C10: 1 | D10: 1 | I10: =VLOOKUP(A10,misc!$C$2:$E$15,3,FALSE) -> s16 | J10: =(VLOOKUP(A10, misc!$C$2:$D$28, 2, FALSE)) * C10 * D10 -> 2 | K10: =CONCATENATE("SVAR_",$B$4,"_",B10,"_",I10) -> SVAR_BMS__s16
A11: uint8_t | C11: 1 | D11: 1 | I11: =VLOOKUP(A11,misc!$C$2:$E$15,3,FALSE) -> u8 | J11: =(VLOOKUP(A11, misc!$C$2:$D$28, 2, FALSE)) * C11 * D11 -> 1 | K11: =CONCATENATE("SVAR_",$B$4,"_",B11,"_",I11) -> SVAR_BMS__u8
A12: uint8_t | C12: 1 | D12: 1 | I12: =VLOOKUP(A12,misc!$C$2:$E$15,3,FALSE) -> u8 | J12: =(VLOOKUP(A12, misc!$C$2:$D$28, 2, FALSE)) * C12 * D12 -> 1 | K12: =CONCATENATE("SVAR_",$B$4,"_",B12,"_",I12) -> SVAR_BMS__u8
A13: uint8_t | C13: 1 | D13: 1 | I13: =VLOOKUP(A13,misc!$C$2:$E$15,3,FALSE) -> u8 | J13: =(VLOOKUP(A13, misc!$C$2:$D$28, 2, FALSE)) * C13 * D13 -> 1 | K13: =CONCATENATE("SVAR_",$B$4,"_",B13,"_",I13) -> SVAR_BMS__u8
A14: uint8_t | C14: 1 | D14: 1 | I14: =VLOOKUP(A14,misc!$C$2:$E$15,3,FALSE) -> u8 | J14: =(VLOOKUP(A14, misc!$C$2:$D$28, 2, FALSE)) * C14 * D14 -> 1 | K14: =CONCATENATE("SVAR_",$B$4,"_",B14,"_",I14) -> SVAR_BMS__u8
A15: uint32_t | C15: 1 | D15: 1 | I15: =VLOOKUP(A15,misc!$C$2:$E$15,3,FALSE) -> u32 | J15: =(VLOOKUP(A15, misc!$C$2:$D$28, 2, FALSE)) * C15 * D15 -> 4 | K15: =CONCATENATE("SVAR_",$B$4,"_",B15,"_",I15) -> SVAR_BMS__u32
A16: uint8_t | C16: 1 | D16: 1 | I16: =VLOOKUP(A16,misc!$C$2:$E$15,3,FALSE) -> u8 | J16: =(VLOOKUP(A16, misc!$C$2:$D$28, 2, FALSE)) * C16 * D16 -> 1 | K16: =CONCATENATE("SVAR_",$B$4,"_",B16,"_",I16) -> SVAR_BMS__u8
A17: uint8_t | C17: 1 | D17: 1 | I17: =VLOOKUP(A17,misc!$C$2:$E$15,3,FALSE) -> u8 | J17: =(VLOOKUP(A17, misc!$C$2:$D$28, 2, FALSE)) * C17 * D17 -> 1 | K17: =CONCATENATE("SVAR_",$B$4,"_",B17,"_",I17) -> SVAR_BMS__u8
A18: long double | C18: 1 | D18: 1 | I18: =VLOOKUP(A18,misc!$C$2:$E$15,3,FALSE) -> ld | J18: =(VLOOKUP(A18, misc!$C$2:$D$28, 2, FALSE)) * C18 * D18 -> 16 | K18: =CONCATENATE("SVAR_",$B$4,"_",B18,"_",I18) -> SVAR_BMS__ld
A19: uint8_t | C19: 2 | D19: 10 | I19: =VLOOKUP(A19,misc!$C$2:$E$15,3,FALSE) -> u8 | J19: =(VLOOKUP(A19, misc!$C$2:$D$28, 2, FALSE)) * C19 * D19 -> 20 | K19: =CONCATENATE("SVAR_",$B$4,"_",B19,"_",I19) -> SVAR_BMS__u8
A20: uint64_t | C20: 1 | D20: 1 | I20: =VLOOKUP(A20,misc!$C$2:$E$15,3,FALSE) -> u64 | J20: =(VLOOKUP(A20, misc!$C$2:$D$28, 2, FALSE)) * C20 * D20 -> 8 | K20: =CONCATENATE("SVAR_",$B$4,"_",B20,"_",I20) -> SVAR_BMS__u64
A21: uint8_t | C21: 1 | D21: 1 | I21: =VLOOKUP(A21,misc!$C$2:$E$15,3,FALSE) -> u8 | J21: =(VLOOKUP(A21, misc!$C$2:$D$28, 2, FALSE)) * C21 * D21 -> 1 | K21: =CONCATENATE("SVAR_",$B$4,"_",B21,"_",I21) -> SVAR_BMS__u8
... A41: int32_t | C41: 1 | D41: 1 | I41: =VLOOKUP(A41,misc!$C$2:$E$15,3,FALSE) -> s32 | J41: =(VLOOKUP(A41, misc!$C$2:$D$28, 2, FALSE)) * C41 * D41 -> 4 | K41: =CONCATENATE("SVAR_",$B$4,"_",B41,"_",I41) -> SVAR_BMS__s32

Sheet varSheet2
A1: Segment | B1: Performance
A2: Flavor | B2: SHADOWED_EEPROM
A3: Offset Address | B3: 1024 | C3: Applicable for EEPROM only
A4: SegmentPrefix | B4: RECT
A5: RefreshTime (sec) | B5: 300 | C5: Applicable for EEPROM only, 0-On Demand, other value - sec | I5: Results
A6: varType | B6: varName | C6: varDepth1 | D6: varDepth2 | E6: varDesc | I6: suffix | J6: Size | K6: Name
A7: uint8_t | B7: Battery_Count | C7: 10 | D7: 1 | I7: =VLOOKUP(A7,misc!$C$2:$E$15,3,FALSE) -> u8 | J7: =(VLOOKUP(A7, misc!$C$2:$D$28, 2, FALSE)) * C7 * D7 -> 10 | K7: =CONCATENATE("SVAR_",$B$4,"_",B7,"_",I7) -> SVAR_RECT_Battery_Count_u8
A8: uint8_t | B8: UnderVolt_Threshold | C8: 1 | D8: 1 | I8: =VLOOKUP(A8,misc!$C$2:$E$15,3,FALSE) -> u8 | J8: =(VLOOKUP(A8, misc!$C$2:$D$28, 2, FALSE)) * C8 * D8 -> 1 | K8: =CONCATENATE("SVAR_",$B$4,"_",B8,"_",I8) -> SVAR_RECT_UnderVolt_Threshold_u8
A9: uint8_t | B9: OverVolt_Threshold | C9: 1 | D9: 1 | I9: =VLOOKUP(A9,misc!$C$2:$E$15,3,FALSE) -> u8 | J9: =(VLOOKUP(A9, misc!$C$2:$D$28, 2, FALSE)) * C9 * D9 -> 1 | K9: =CONCATENATE("SVAR_",$B$4,"_",B9,"_",I9) -> SVAR_RECT_OverVolt_Threshold_u8
A10: int16_t | C10: 1 | D10: 1 | I10: =VLOOKUP(A10,misc!$C$2:$E$15,3,FALSE) -> s16 | J10: =(VLOOKUP(A10, misc!$C$2:$D$28, 2, FALSE)) * C10 * D10 -> 2 | K10: =CONCATENATE("SVAR_",$B$4,"_",B10,"_",I10) -> SVAR_RECT__s16
A11: uint8_t | C11: 1 | D11: 1 | I11: =VLOOKUP(A11,misc!$C$2:$E$15,3,FALSE) -> u8 | J11: =(VLOOKUP(A11, misc!$C$2:$D$28, 2, FALSE)) * C11 * D11 -> 1 | K11: =CONCATENATE("SVAR_",$B$4,"_",B11,"_",I11) -> SVAR_RECT__u8
A12: uint8_t | C12: 1 | D12: 1 | I12: =VLOOKUP(A12,misc!$C$2:$E$15,3,FALSE) -> u8 | J12: =(VLOOKUP(A12, misc!$C$2:$D$28, 2, FALSE)) * C12 * D12 -> 1 | K12: =CONCATENATE("SVAR_",$B$4,"_",B12,"_",I12) -> SVAR_RECT__u8
A13: uint8_t | C13: 1 | D13: 1 | I13: =VLOOKUP(A13,misc!$C$2:$E$15,3,FALSE) -> u8 | J13: =(VLOOKUP(A13, misc!$C$2:$D$28, 2, FALSE)) * C13 * D13 -> 1 | K13: =CONCATENATE("SVAR_",$B$4,"_",B13,"_",I13) -> SVAR_RECT__u8
A14: uint8_t | C14: 1 | D14: 1 | I14: =VLOOKUP(A14,misc!$C$2:$E$15,3,FALSE) -> u8 | J14: =(VLOOKUP(A14, misc!$C$2:$D$28, 2, FALSE)) * C14 * D14 -> 1 | K14: =CONCATENATE("SVAR_",$B$4,"_",B14,"_",I14) -> SVAR_RECT__u8
A15: uint32_t | C15: 1 | D15: 1 | I15: =VLOOKUP(A15,misc!$C$2:$E$15,3,FALSE) -> u32 | J15: =(VLOOKUP(A15, misc!$C$2:$D$28, 2, FALSE)) * C15 * D15 -> 4 | K15: =CONCATENATE("SVAR_",$B$4,"_",B15,"_",I15) -> SVAR_RECT__u32
A16: uint8_t | C16: 1 | D16: 1 | I16: =VLOOKUP(A16,misc!$C$2:$E$15,3,FALSE) -> u8 | J16: =(VLOOKUP(A16, misc!$C$2:$D$28, 2, FALSE)) * C16 * D16 -> 1 | K16: =CONCATENATE("SVAR_",$B$4,"_",B16,"_",I16) -> SVAR_RECT__u8
A17: uint8_t | C17: 1 | D17: 1 | I17: =VLOOKUP(A17,misc!$C$2:$E$15,3,FALSE) -> u8 | J17: =(VLOOKUP(A17, misc!$C$2:$D$28, 2, FALSE)) * C17 * D17 -> 1 | K17: =CONCATENATE("SVAR_",$B$4,"_",B17,"_",I17) -> SVAR_RECT__u8
A18: long double | C18: 1 | D18: 1 | I18: =VLOOKUP(A18,misc!$C$2:$E$15,3,FALSE) -> ld | J18: =(VLOOKUP(A18, misc!$C$2:$D$28, 2, FALSE)) * C18 * D18 -> 16 | K18: =CONCATENATE("SVAR_",$B$4,"_",B18,"_",I18) -> SVAR_RECT__ld
A19: uint8_t | C19: 2 | D19: 10 | I19: =VLOOKUP(A19,misc!$C$2:$E$15,3,FALSE) -> u8 | J19: =(VLOOKUP(A19, misc!$C$2:$D$28, 2, FALSE)) * C19 * D19 -> 20 | K19: =CONCATENATE("SVAR_",$B$4,"_",B19,"_",I19) -> SVAR_RECT__u8
A20: uint64_t | C20: 1 | D20: 1 | I20: =VLOOKUP(A20,misc!$C$2:$E$15,3,FALSE) -> u64 | J20: =(VLOOKUP(A20, misc!$C$2:$D$28, 2, FALSE)) * C20 * D20 -> 8 | K20: =CONCATENATE("SVAR_",$B$4,"_",B20,"_",I20) -> SVAR_RECT__u64
A21: uint8_t | C21: 1 | D21: 1 | I21: =VLOOKUP(A21,misc!$C$2:$E$15,3,FALSE) -> u8 | J21: =(VLOOKUP(A21, misc!$C$2:$D$28, 2, FALSE)) * C21 * D21 -> 1 | K21: =CONCATENATE("SVAR_",$B$4,"_",B21,"_",I21) -> SVAR_RECT__u8
... A41: int32_t | C41: 1 | D41: 1 | I41: =VLOOKUP(A41,misc!$C$2:$E$15,3,FALSE) -> s32 | J41: =(VLOOKUP(A41, misc!$C$2:$D$28, 2, FALSE)) * C41 * D41 -> 4 | K41: =CONCATENATE("SVAR_",$B$4,"_",B41,"_",I41) -> SVAR_RECT__s32

Sheet misc
A1: Segment Types | B1: SegmentFlavor | C1: VarTypes | D1: varSizes | E1: varSuffixes | N1: YES
A2: Configuration | B2: RAM_ONLY | C2: bool | D2: 1 | E2: b | N2: NO
A3: Performance | B3: EEPROM_ONLY | C3: char | D3: 1 | E3: c
A4: Calibration | B4: SHADOWED_EEPROM | C4: uint8_t | D4: 1 | E4: u8
C5: int8_t | D5: 1 | E5: s8
C6: uint16_t | D6: 2 | E6: u16
C7: int16_t | D7: 2 | E7: s16
C8: uint32_t | D8: 4 | E8: u32
C9: int32_t | D9: 4 | E9: s32
C10: uint64_t | D10: 8 | E10: u64
C11: int64_t | D11: 8 | E11: s64
C12: float | D12: 4 | E12: f
C13: double | D13: 8 | E13: d
C14: long double | D14: 16 | E14: ld
C15: svAdd | D15: 4 | E15: add
