Workbook

Sheet CSV
A1: <SECTION> | B1: SETUP_INFO
A2: =Context!A2 -> Product Name | B2: =Context!B2 -> WCBMS
A3: =Context!A3 -> EEPROM | B3: =Context!B3 -> 24C16
A4: <SECTION> | B4: SETUP_CONFIG
A5: SVAR_SEGMENT_COUNT | B5: =Context!B5 -> 1
A6: SVAR_NVM_PAGE_SIZE | B6: =Context!B6 -> 128
A7: SVAR_PACKED_STORAGE_EN | B7: =IF(Context!B7="YES",1,0) -> 0
A8: SVAR_SEG_TYPE_PREFIX_EN | B8: =IF(Context!B8="YES",1,0) -> 0
A9: SVAR_SEG_NAME_PREFIX_EN | B9: =IF(Context!B9="YES",1,0) -> 1
A10: SVAR_ADD_BASE_HEX | B10: =IF(Context!B10="HEX",1,0) -> 1
A11: <SECTION> | B11: =INDIRECT("'" & $C$11 & "'!B1") -> CONFIGURATION | C11: varSheet1 | D11: =ROW() -> 11
A12: =INDIRECT("'" & $C$11 & "'!G" & ROW()-5) -> SVAR_BMS_Battery_Count_u8 | B12: =INDIRECT("'" & $C$11 & "'!H" & ROW()-5) -> 1 | C12: =INDIRECT("'" & $C$11 & "'!J" & ROW()-5) -> 10 | D12: =INDIRECT("'" & $C$11 & "'!K" & ROW()-5) -> Battery_Count variable
A13: =INDIRECT("'" & $C$11 & "'!G" & ROW()-5) -> SVAR_BMS_UnderVolt_Threshold_u8 | B13: =INDIRECT("'" & $C$11 & "'!H" & ROW()-5) -> 1 | C13: =INDIRECT("'" & $C$11 & "'!J" & ROW()-5) -> 1 | D13: =INDIRECT("'" & $C$11 & "'!K" & ROW()-5) -> UnderVolt_Threshold variable
A14: =INDIRECT("'" & $C$11 & "'!G" & ROW()-5) -> SVAR_BMS_OverVolt_Threshold_u8 | B14: =INDIRECT("'" & $C$11 & "'!H" & ROW()-5) -> 1 | C14: =INDIRECT("'" & $C$11 & "'!J" & ROW()-5) -> 1 | D14: =INDIRECT("'" & $C$11 & "'!K" & ROW()-5) -> OverVolt_Threshold variable
A15: =INDIRECT("'" & $C$11 & "'!G" & ROW()-5) -> SVAR_BMS_Module_Count_1_s16 | B15: =INDIRECT("'" & $C$11 & "'!H" & ROW()-5) -> 2 | C15: =INDIRECT("'" & $C$11 & "'!J" & ROW()-5) -> 1 | D15: =INDIRECT("'" & $C$11 & "'!K" & ROW()-5) -> Module_Count_1 variable
A16: =INDIRECT("'" & $C$11 & "'!G" & ROW()-5) -> SVAR_BMS_Module_Count_2_u8 | B16: =INDIRECT("'" & $C$11 & "'!H" & ROW()-5) -> 1 | C16: =INDIRECT("'" & $C$11 & "'!J" & ROW()-5) -> 1 | D16: =INDIRECT("'" & $C$11 & "'!K" & ROW()-5) -> Module_Count_2 variable
A17: =INDIRECT("'" & $C$11 & "'!G" & ROW()-5) -> SVAR_BMS_Module_Count_3_u8 | B17: =INDIRECT("'" & $C$11 & "'!H" & ROW()-5) -> 1 | C17: =INDIRECT("'" & $C$11 & "'!J" & ROW()-5) -> 1 | D17: =INDIRECT("'" & $C$11 & "'!K" & ROW()-5) -> Module_Count_3 variable
A18: =INDIRECT("'" & $C$11 & "'!G" & ROW()-5) -> SVAR_BMS_Module_Count_4_u8 | B18: =INDIRECT("'" & $C$11 & "'!H" & ROW()-5) -> 1 | C18: =INDIRECT("'" & $C$11 & "'!J" & ROW()-5) -> 1 | D18: =INDIRECT("'" & $C$11 & "'!K" & ROW()-5) -> Module_Count_4 variable
A19: =INDIRECT("'" & $C$11 & "'!G" & ROW()-5) -> SVAR_BMS_Module_Count_5_u8 | B19: =INDIRECT("'" & $C$11 & "'!H" & ROW()-5) -> 1 | C19: =INDIRECT("'" & $C$11 & "'!J" & ROW()-5) -> 1 | D19: =INDIRECT("'" & $C$11 & "'!K" & ROW()-5) -> Module_Count_5 variable
A20: =INDIRECT("'" & $C$11 & "'!G" & ROW()-5) -> SVAR_BMS_Module_Count_6_u32 | B20: =INDIRECT("'" & $C$11 & "'!H" & ROW()-5) -> 4 | C20: =INDIRECT("'" & $C$11 & "'!J" & ROW()-5) -> 1 | D20: =INDIRECT("'" & $C$11 & "'!K" & ROW()-5) -> Module_Count_6 variable
A21: =INDIRECT("'" & $C$11 & "'!G" & ROW()-5) -> SVAR_BMS_Module_Count_7_u8 | B21: =INDIRECT("'" & $C$11 & "'!H" & ROW()-5) -> 1 | C21: =INDIRECT("'" & $C$11 & "'!J" & ROW()-5) -> 1 | D21: =INDIRECT("'" & $C$11 & "'!K" & ROW()-5) -> Module_Count_7 variable
A22: =INDIRECT("'" & $C$11 & "'!G" & ROW()-5) -> SVAR_BMS_Module_Count_8_u8 | B22: =INDIRECT("'" & $C$11 & "'!H" & ROW()-5) -> 1 | C22: =INDIRECT("'" & $C$11 & "'!J" & ROW()-5) -> 1 | D22: =INDIRECT("'" & $C$11 & "'!K" & ROW()-5) -> Module_Count_8 variable
A23: =INDIRECT("'" & $C$11 & "'!G" & ROW()-5) -> SVAR_BMS_Module_Count_9_u32 | B23: =INDIRECT("'" & $C$11 & "'!H" & ROW()-5) -> 4 | C23: =INDIRECT("'" & $C$11 & "'!J" & ROW()-5) -> 1 | D23: =INDIRECT("'" & $C$11 & "'!K" & ROW()-5) -> Module_Count_9 variable
... A46: =INDIRECT("'" & $C$11 & "'!G" & ROW()-5) -> SVAR_BMS_Module_Count_32_s32 | B46: =INDIRECT("'" & $C$11 & "'!H" & ROW()-5) -> 4 | C46: =INDIRECT("'" & $C$11 & "'!J" & ROW()-5) -> 1 | D46: =INDIRECT("'" & $C$11 & "'!K" & ROW()-5) -> Module_Count_32 variable
A47: <SECTION> | B47: =INDIRECT("'" & $C$47 & "'!B1") -> CONFIGURATION | C47: varSheet2 | D47: =INDIRECT("'" & $C$11 & "'!K" & ROW()-5) -> 0
A48: =INDIRECT("'" & $C$11 & "'!G" & ROW()-5) -> 0 | B48: =INDIRECT("'" & $C$11 & "'!H" & ROW()-5) -> 0 | C48: =INDIRECT("'" & $C$11 & "'!J" & ROW()-5) -> 0 | D48: =INDIRECT("'" & $C$11 & "'!K" & ROW()-5) -> 0
A49: =INDIRECT("'" & $C$11 & "'!G" & ROW()-5) -> 0 | B49: =INDIRECT("'" & $C$11 & "'!H" & ROW()-5) -> 0 | C49: =INDIRECT("'" & $C$11 & "'!J" & ROW()-5) -> 0 | D49: =INDIRECT("'" & $C$11 & "'!K" & ROW()-5) -> 0
A50: =INDIRECT("'" & $C$11 & "'!G" & ROW()-5) -> 0 | B50: =INDIRECT("'" & $C$11 & "'!H" & ROW()-5) -> 0 | C50: =INDIRECT("'" & $C$11 & "'!J" & ROW()-5) -> 0 | D50: =INDIRECT("'" & $C$11 & "'!K" & ROW()-5) -> 0
A51: =INDIRECT("'" & $C$11 & "'!G" & ROW()-5) -> 0 | B51: =INDIRECT("'" & $C$11 & "'!H" & ROW()-5) -> 0 | C51: =INDIRECT("'" & $C$11 & "'!J" & ROW()-5) -> 0 | D51: =INDIRECT("'" & $C$11 & "'!K" & ROW()-5) -> 0
A52: =INDIRECT("'" & $C$11 & "'!G" & ROW()-5) -> 0 | B52: =INDIRECT("'" & $C$11 & "'!H" & ROW()-5) -> 0 | C52: =INDIRECT("'" & $C$11 & "'!J" & ROW()-5) -> 0 | D52: =INDIRECT("'" & $C$11 & "'!K" & ROW()-5) -> 0
A53: =INDIRECT("'" & $C$11 & "'!G" & ROW()-5) -> 0 | B53: =INDIRECT("'" & $C$11 & "'!H" & ROW()-5) -> 0 | C53: =INDIRECT("'" & $C$11 & "'!J" & ROW()-5) -> 0 | D53: =INDIRECT("'" & $C$11 & "'!K" & ROW()-5) -> 0
A54: =INDIRECT("'" & $C$11 & "'!G" & ROW()-5) -> 0 | B54: =INDIRECT("'" & $C$11 & "'!H" & ROW()-5) -> 0 | C54: =INDIRECT("'" & $C$11 & "'!J" & ROW()-5) -> 0 | D54: =INDIRECT("'" & $C$11 & "'!K" & ROW()-5) -> 0
A55: =INDIRECT("'" & $C$11 & "'!G" & ROW()-5) -> 0 | B55: =INDIRECT("'" & $C$11 & "'!H" & ROW()-5) -> 0 | C55: =INDIRECT("'" & $C$11 & "'!J" & ROW()-5) -> 0 | D55: =INDIRECT("'" & $C$11 & "'!K" & ROW()-5) -> 0
A56: =INDIRECT("'" & $C$11 & "'!G" & ROW()-5) -> 0 | B56: =INDIRECT("'" & $C$11 & "'!H" & ROW()-5) -> 0 | C56: =INDIRECT("'" & $C$11 & "'!J" & ROW()-5) -> 0 | D56: =INDIRECT("'" & $C$11 & "'!K" & ROW()-5) -> 0
A57: =INDIRECT("'" & $C$11 & "'!G" & ROW()-5) -> 0 | B57: =INDIRECT("'" & $C$11 & "'!H" & ROW()-5) -> 0 | C57: =INDIRECT("'" & $C$11 & "'!J" & ROW()-5) -> 0 | D57: =INDIRECT("'" & $C$11 & "'!K" & ROW()-5) -> 0
A58: =INDIRECT("'" & $C$11 & "'!G" & ROW()-5) -> 0 | B58: =INDIRECT("'" & $C$11 & "'!H" & ROW()-5) -> 0 | C58: =INDIRECT("'" & $C$11 & "'!J" & ROW()-5) -> 0 | D58: =INDIRECT("'" & $C$11 & "'!K" & ROW()-5) -> 0
A59: =INDIRECT("'" & $C$11 & "'!G" & ROW()-5) -> 0 | B59: =INDIRECT("'" & $C$11 & "'!H" & ROW()-5) -> 0 | C59: =INDIRECT("'" & $C$11 & "'!J" & ROW()-5) -> 0 | D59: =INDIRECT("'" & $C$11 & "'!K" & ROW()-5) -> 0
... A82: =INDIRECT("'" & $C$11 & "'!G" & ROW()-5) -> 0 | B82: =INDIRECT("'" & $C$11 & "'!H" & ROW()-5) -> 0 | C82: =INDIRECT("'" & $C$11 & "'!J" & ROW()-5) -> 0 | D82: =INDIRECT("'" & $C$11 & "'!K" & ROW()-5) -> 0
A83: =INDIRECT("'" & $C$11 & "'!G" & ROW()-5) -> 0 | B83: =INDIRECT("'" & $C$11 & "'!H" & ROW()-5) -> 0 | D83: =INDIRECT("'" & $C$11 & "'!K" & ROW()-5) -> 0

Sheet Context
A1: Non Critical Setup Information
A2: Product Name | B2: WCBMS
A3: EEPROM | B3: 24C16
A4: Critical Context Data
A5: Segment Count | B5: 1
A6: Page Size | B6: 128
A7: Packed Storage | B7: NO
A8: Enable Segment Type Prefix | B8: NO
A9: Enable Segment Name Prefix | B9: YES
A10: Addresses Numeric Base | B10: HEX
A11: EEPROM Max Address | B11: 65535

Sheet varSheet1
A1: Segment | B1: CONFIGURATION
A2: Flavor | B2: RAM_ONLY
A3: Offset Address | B3: 0 | C3: Applicable for EEPROM only
A4: SegmentPrefix | B4: BMS
A5: RefreshTime (sec) | B5: 0 | C5: Applicable for EEPROM only, 0-On Demand, other value - sec | G5: Results
A6: varType | B6: varName | C6: varDepth | D6: varDesc | G6: Name | H6: Typesize | I6: Size | J6: Depth | K6: Comment
A7: uint8_t | B7: Battery_Count | C7: 10 | D7: =CONCATENATE(B7," variable") -> Battery_Count variable | G7: =CONCATENATE("SVAR_",$B$4,"_",B7,"_",VLOOKUP(A7,misc!$C$2:$E$15,3,FALSE)) -> SVAR_BMS_Battery_Count_u8 | H7: =(VLOOKUP(A7, misc!$C$2:$D$28, 2, FALSE)) -> 1 | I7: =H7* C7 -> 10 | J7: =C7 -> 10 | K7: =D7 -> Battery_Count variable
A8: uint8_t | B8: UnderVolt_Threshold | C8: 1 | D8: =CONCATENATE(B8," variable") -> UnderVolt_Threshold variable | G8: =CONCATENATE("SVAR_",$B$4,"_",B8,"_",VLOOKUP(A8,misc!$C$2:$E$15,3,FALSE)) -> SVAR_BMS_UnderVolt_Threshold_u8 | H8: =(VLOOKUP(A8, misc!$C$2:$D$28, 2, FALSE)) -> 1 | I8: =H8* C8 -> 1 | J8: =C8 -> 1 | K8: =D8 -> UnderVolt_Threshold variable
A9: uint8_t | B9: OverVolt_Threshold | C9: 1 | D9: =CONCATENATE(B9," variable") -> OverVolt_Threshold variable | G9: =CONCATENATE("SVAR_",$B$4,"_",B9,"_",VLOOKUP(A9,misc!$C$2:$E$15,3,FALSE)) -> SVAR_BMS_OverVolt_Threshold_u8 | H9: =(VLOOKUP(A9, misc!$C$2:$D$28, 2, FALSE)) -> 1 | I9: =H9* C9 -> 1 | J9: =C9 -> 1 | K9: =D9 -> OverVolt_Threshold variable
A10: int16_t | B10: Module_Count_1 | C10: 1 | D10: =CONCATENATE(B10," variable") -> Module_Count_1 variable | G10: =CONCATENATE("SVAR_",$B$4,"_",B10,"_",VLOOKUP(A10,misc!$C$2:$E$15,3,FALSE)) -> SVAR_BMS_Module_Count_1_s16 | H10: =(VLOOKUP(A10, misc!$C$2:$D$28, 2, FALSE)) -> 2 | I10: =H10* C10 -> 2 | J10: =C10 -> 1 | K10: =D10 -> Module_Count_1 variable
A11: uint8_t | B11: Module_Count_2 | C11: 1 | D11: =CONCATENATE(B11," variable") -> Module_Count_2 variable | G11: =CONCATENATE("SVAR_",$B$4,"_",B11,"_",VLOOKUP(A11,misc!$C$2:$E$15,3,FALSE)) -> SVAR_BMS_Module_Count_2_u8 | H11: =(VLOOKUP(A11, misc!$C$2:$D$28, 2, FALSE)) -> 1 | I11: =H11* C11 -> 1 | J11: =C11 -> 1 | K11: =D11 -> Module_Count_2 variable
A12: uint8_t | B12: Module_Count_3 | C12: 1 | D12: =CONCATENATE(B12," variable") -> Module_Count_3 variable | G12: =CONCATENATE("SVAR_",$B$4,"_",B12,"_",VLOOKUP(A12,misc!$C$2:$E$15,3,FALSE)) -> SVAR_BMS_Module_Count_3_u8 | H12: =(VLOOKUP(A12, misc!$C$2:$D$28, 2, FALSE)) -> 1 | I12: =H12* C12 -> 1 | J12: =C12 -> 1 | K12: =D12 -> Module_Count_3 variable
A13: uint8_t | B13: Module_Count_4 | C13: 1 | D13: =CONCATENATE(B13," variable") -> Module_Count_4 variable | G13: =CONCATENATE("SVAR_",$B$4,"_",B13,"_",VLOOKUP(A13,misc!$C$2:$E$15,3,FALSE)) -> SVAR_BMS_Module_Count_4_u8 | H13: =(VLOOKUP(A13, misc!$C$2:$D$28, 2, FALSE)) -> 1 | I13: =H13* C13 -> 1 | J13: =C13 -> 1 | K13: =D13 -> Module_Count_4 variable
A14: uint8_t | B14: Module_Count_5 | C14: 1 | D14: =CONCATENATE(B14," variable") -> Module_Count_5 variable | G14: =CONCATENATE("SVAR_",$B$4,"_",B14,"_",VLOOKUP(A14,misc!$C$2:$E$15,3,FALSE)) -> SVAR_BMS_Module_Count_5_u8 | H14: =(VLOOKUP(A14, misc!$C$2:$D$28, 2, FALSE)) -> 1 | I14: =H14* C14 -> 1 | J14: =C14 -> 1 | K14: =D14 -> Module_Count_5 variable
A15: uint32_t | B15: Module_Count_6 | C15: 1 | D15: =CONCATENATE(B15," variable") -> Module_Count_6 variable | G15: =CONCATENATE("SVAR_",$B$4,"_",B15,"_",VLOOKUP(A15,misc!$C$2:$E$15,3,FALSE)) -> SVAR_BMS_Module_Count_6_u32 | H15: =(VLOOKUP(A15, misc!$C$2:$D$28, 2, FALSE)) -> 4 | I15: =H15* C15 -> 4 | J15: =C15 -> 1 | K15: =D15 -> Module_Count_6 variable
A16: uint8_t | B16: Module_Count_7 | C16: 1 | D16: =CONCATENATE(B16," variable") -> Module_Count_7 variable | G16: =CONCATENATE("SVAR_",$B$4,"_",B16,"_",VLOOKUP(A16,misc!$C$2:$E$15,3,FALSE)) -> SVAR_BMS_Module_Count_7_u8 | H16: =(VLOOKUP(A16, misc!$C$2:$D$28, 2, FALSE)) -> 1 | I16: =H16* C16 -> 1 | J16: =C16 -> 1 | K16: =D16 -> Module_Count_7 variable
A17: uint8_t | B17: Module_Count_8 | C17: 1 | D17: =CONCATENATE(B17," variable") -> Module_Count_8 variable | G17: =CONCATENATE("SVAR_",$B$4,"_",B17,"_",VLOOKUP(A17,misc!$C$2:$E$15,3,FALSE)) -> SVAR_BMS_Module_Count_8_u8 | H17: =(VLOOKUP(A17, misc!$C$2:$D$28, 2, FALSE)) -> 1 | I17: =H17* C17 -> 1 | J17: =C17 -> 1 | K17: =D17 -> Module_Count_8 variable
A18: uint32_t | B18: Module_Count_9 | C18: 1 | D18: =CONCATENATE(B18," variable") -> Module_Count_9 variable | G18: =CONCATENATE("SVAR_",$B$4,"_",B18,"_",VLOOKUP(A18,misc!$C$2:$E$15,3,FALSE)) -> SVAR_BMS_Module_Count_9_u32 | H18: =(VLOOKUP(A18, misc!$C$2:$D$28, 2, FALSE)) -> 4 | I18: =H18* C18 -> 4 | J18: =C18 -> 1 | K18: =D18 -> Module_Count_9 variable
... A41: int32_t | B41: Module_Count_32 | C41: 1 | D41: =CONCATENATE(B41," variable") -> Module_Count_32 variable | G41: =CONCATENATE("SVAR_",$B$4,"_",B41,"_",VLOOKUP(A41,misc!$C$2:$E$15,3,FALSE)) -> SVAR_BMS_Module_Count_32_s32 | H41: =(VLOOKUP(A41, misc!$C$2:$D$28, 2, FALSE)) -> 4 | I41: =H41* C41 -> 4 | J41: =C41 -> 1 | K41: =D41 -> Module_Count_32 variable

Sheet varSheet2
A1: Segment | B1: CONFIGURATION
A2: Flavor | B2: RAM_ONLY
A3: Offset Address | B3: 0 | C3: Applicable for EEPROM only
A4: SegmentPrefix | B4: BMS
A5: RefreshTime (sec) | B5: 0 | C5: Applicable for EEPROM only, 0-On Demand, other value - sec | G5: Results
A6: varType | B6: varName | C6: varDepth | D6: varDesc | G6: Name | H6: Typesize | I6: Size | J6: Depth | K6: Comment
A7: uint8_t | B7: Battery_Count | C7: 10 | D7: =CONCATENATE(B7," variable") -> Battery_Count variable | G7: =CONCATENATE("SVAR_",$B$4,"_",B7,"_",VLOOKUP(A7,misc!$C$2:$E$15,3,FALSE)) -> SVAR_BMS_Battery_Count_u8 | H7: =(VLOOKUP(A7, misc!$C$2:$D$28, 2, FALSE)) -> 1 | I7: =H7* C7 -> 10 | J7: =C7 -> 10 | K7: =D7 -> Battery_Count variable
A8: uint8_t | B8: UnderVolt_Threshold | C8: 1 | D8: =CONCATENATE(B8," variable") -> UnderVolt_Threshold variable | G8: =CONCATENATE("SVAR_",$B$4,"_",B8,"_",VLOOKUP(A8,misc!$C$2:$E$15,3,FALSE)) -> SVAR_BMS_UnderVolt_Threshold_u8 | H8: =(VLOOKUP(A8, misc!$C$2:$D$28, 2, FALSE)) -> 1 | I8: =H8* C8 -> 1 | J8: =C8 -> 1 | K8: =D8 -> UnderVolt_Threshold variable
A9: uint8_t | B9: OverVolt_Threshold | C9: 1 | D9: =CONCATENATE(B9," variable") -> OverVolt_Threshold variable | G9: =CONCATENATE("SVAR_",$B$4,"_",B9,"_",VLOOKUP(A9,misc!$C$2:$E$15,3,FALSE)) -> SVAR_BMS_OverVolt_Threshold_u8 | H9: =(VLOOKUP(A9, misc!$C$2:$D$28, 2, FALSE)) -> 1 | I9: =H9* C9 -> 1 | J9: =C9 -> 1 | K9: =D9 -> OverVolt_Threshold variable
A10: int16_t | B10: Module_Count_1 | C10: 1 | D10: =CONCATENATE(B10," variable") -> Module_Count_1 variable | G10: =CONCATENATE("SVAR_",$B$4,"_",B10,"_",VLOOKUP(A10,misc!$C$2:$E$15,3,FALSE)) -> SVAR_BMS_Module_Count_1_s16 | H10: =(VLOOKUP(A10, misc!$C$2:$D$28, 2, FALSE)) -> 2 | I10: =H10* C10 -> 2 | J10: =C10 -> 1 | K10: =D10 -> Module_Count_1 variable
A11: uint8_t | B11: Module_Count_2 | C11: 1 | D11: =CONCATENATE(B11," variable") -> Module_Count_2 variable | G11: =CONCATENATE("SVAR_",$B$4,"_",B11,"_",VLOOKUP(A11,misc!$C$2:$E$15,3,FALSE)) -> SVAR_BMS_Module_Count_2_u8 | H11: =(VLOOKUP(A11, misc!$C$2:$D$28, 2, FALSE)) -> 1 | I11: =H11* C11 -> 1 | J11: =C11 -> 1 | K11: =D11 -> Module_Count_2 variable
A12: uint8_t | B12: Module_Count_3 | C12: 1 | D12: =CONCATENATE(B12," variable") -> Module_Count_3 variable | G12: =CONCATENATE("SVAR_",$B$4,"_",B12,"_",VLOOKUP(A12,misc!$C$2:$E$15,3,FALSE)) -> SVAR_BMS_Module_Count_3_u8 | H12: =(VLOOKUP(A12, misc!$C$2:$D$28, 2, FALSE)) -> 1 | I12: =H12* C12 -> 1 | J12: =C12 -> 1 | K12: =D12 -> Module_Count_3 variable
A13: uint8_t | B13: Module_Count_4 | C13: 1 | D13: =CONCATENATE(B13," variable") -> Module_Count_4 variable | G13: =CONCATENATE("SVAR_",$B$4,"_",B13,"_",VLOOKUP(A13,misc!$C$2:$E$15,3,FALSE)) -> SVAR_BMS_Module_Count_4_u8 | H13: =(VLOOKUP(A13, misc!$C$2:$D$28, 2, FALSE)) -> 1 | I13: =H13* C13 -> 1 | J13: =C13 -> 1 | K13: =D13 -> Module_Count_4 variable
A14: uint8_t | B14: Module_Count_5 | C14: 1 | D14: =CONCATENATE(B14," variable") -> Module_Count_5 variable | G14: =CONCATENATE("SVAR_",$B$4,"_",B14,"_",VLOOKUP(A14,misc!$C$2:$E$15,3,FALSE)) -> SVAR_BMS_Module_Count_5_u8 | H14: =(VLOOKUP(A14, misc!$C$2:$D$28, 2, FALSE)) -> 1 | I14: =H14* C14 -> 1 | J14: =C14 -> 1 | K14: =D14 -> Module_Count_5 variable
A15: uint32_t | B15: Module_Count_6 | C15: 1 | D15: =CONCATENATE(B15," variable") -> Module_Count_6 variable | G15: =CONCATENATE("SVAR_",$B$4,"_",B15,"_",VLOOKUP(A15,misc!$C$2:$E$15,3,FALSE)) -> SVAR_BMS_Module_Count_6_u32 | H15: =(VLOOKUP(A15, misc!$C$2:$D$28, 2, FALSE)) -> 4 | I15: =H15* C15 -> 4 | J15: =C15 -> 1 | K15: =D15 -> Module_Count_6 variable
A16: uint8_t | B16: Module_Count_7 | C16: 1 | D16: =CONCATENATE(B16," variable") -> Module_Count_7 variable | G16: =CONCATENATE("SVAR_",$B$4,"_",B16,"_",VLOOKUP(A16,misc!$C$2:$E$15,3,FALSE)) -> SVAR_BMS_Module_Count_7_u8 | H16: =(VLOOKUP(A16, misc!$C$2:$D$28, 2, FALSE)) -> 1 | I16: =H16* C16 -> 1 | J16: =C16 -> 1 | K16: =D16 -> Module_Count_7 variable
A17: uint8_t | B17: Module_Count_8 | C17: 1 | D17: =CONCATENATE(B17," variable") -> Module_Count_8 variable | G17: =CONCATENATE("SVAR_",$B$4,"_",B17,"_",VLOOKUP(A17,misc!$C$2:$E$15,3,FALSE)) -> SVAR_BMS_Module_Count_8_u8 | H17: =(VLOOKUP(A17, misc!$C$2:$D$28, 2, FALSE)) -> 1 | I17: =H17* C17 -> 1 | J17: =C17 -> 1 | K17: =D17 -> Module_Count_8 variable
A18: uint32_t | B18: Module_Count_9 | C18: 1 | D18: =CONCATENATE(B18," variable") -> Module_Count_9 variable | G18: =CONCATENATE("SVAR_",$B$4,"_",B18,"_",VLOOKUP(A18,misc!$C$2:$E$15,3,FALSE)) -> SVAR_BMS_Module_Count_9_u32 | H18: =(VLOOKUP(A18, misc!$C$2:$D$28, 2, FALSE)) -> 4 | I18: =H18* C18 -> 4 | J18: =C18 -> 1 | K18: =D18 -> Module_Count_9 variable
... A41: int32_t | B41: Module_Count_32 | C41: 1 | D41: =CONCATENATE(B41," variable") -> Module_Count_32 variable | G41: =CONCATENATE("SVAR_",$B$4,"_",B41,"_",VLOOKUP(A41,misc!$C$2:$E$15,3,FALSE)) -> SVAR_BMS_Module_Count_32_s32 | H41: =(VLOOKUP(A41, misc!$C$2:$D$28, 2, FALSE)) -> 4 | I41: =H41* C41 -> 4 | J41: =C41 -> 1 | K41: =D41 -> Module_Count_32 variable

Sheet misc
A1: Segment Types | B1: SegmentFlavor | C1: VarTypes | D1: varSizes | E1: varSuffixes | F1: Radices | N1: YES
A2: CONFIGURATION | B2: RAM_ONLY | C2: bool | D2: 1 | E2: b | F2: HEX | N2: NO
A3: PERFORMANCE | B3: EEPROM_ONLY | C3: char | D3: 1 | E3: c | F3: DEC
A4: CALIBRATION | B4: SHADOWED_EEPROM | C4: uint8_t | D4: 1 | E4: u8
C5: int8_t | D5: 1 | E5: s8
C6: uint16_t | D6: 2 | E6: u16
C7: int16_t | D7: 2 | E7: s16
C8: uint32_t | D8: 4 | E8: u32
C9: int32_t | D9: 4 | E9: s32
C10: uint64_t | D10: 8 | E10: u64
C11: int64_t | D11: 8 | E11: s64
C12: float | D12: 4 | E12: f
C13: double | D13: 8 | E13: d
C14: long double | D14: 16 | E14: ld
C15: svAdd | D15: 4 | E15: add
