Workbook

Sheet Context
A1: <SECTION> | B1: Non Critical Setup Information
A2: Product Name | B2: WCBMS
A3: EEPROM | B3: 24C16
A4: <SECTION> | B4: Critical Context Data
A5: Segment Count | B5: 1
A6: Page Size | B6: 128
A7: Packed Storage | B7: 0
A8: Enable Segment Type Prefix | B8: 0
A9: Enable Segment Name Prefix | B9: 0
A10: Enable HEX Addresses | B10: 1
A11: EEPROM Max Address | B11: 65535

Sheet varSheet1
A1: <SECTION> | B1: SEGMENT
A2: Segment | B2: CONFIGURATION
A3: Flavor | B3: SHADOWED_EEPROM
A4: Offset Address | B4: 0 | C4: Applicable for EEPROM only
A5: SegmentPrefix | B5: CONF
A6: RefreshTime (sec) | B6: 0 | C6: Applicable for EEPROM only, 0-On Demand, other value - sec | G6: Results
A7: varType | B7: varName | C7: varDepth | D7: varDesc | G7: FinalName | H7: TypeSize | I7: TotalSize | J7: Depth | K7: Comment
A8: uint8_t | B8: Module_Settings_1 | C8: 10 | D8: =CONCATENATE(B8," variable") -> Module_Settings_1 variable | G8: =CONCATENATE("SVAR_",$B$5,"_",B8,"_",VLOOKUP(A8,misc!$C$2:$E$15,3,FALSE)) -> SVAR_CONF_Module_Settings_1_u8 | H8: =(VLOOKUP(A8, misc!$C$2:$D$28, 2, FALSE)) -> 1 | I8: =H8* C8 -> 10 | J8: =C8 -> 10 | K8: =D8 -> Module_Settings_1 variable
A9: uint8_t | B9: Module_Settings_2 | C9: 1 | D9: =CONCATENATE(B9," variable") -> Module_Settings_2 variable | G9: =CONCATENATE("SVAR_",$B$5,"_",B9,"_",VLOOKUP(A9,misc!$C$2:$E$15,3,FALSE)) -> SVAR_CONF_Module_Settings_2_u8 | H9: =(VLOOKUP(A9, misc!$C$2:$D$28, 2, FALSE)) -> 1 | I9: =H9* C9 -> 1 | J9: =C9 -> 1 | K9: =D9 -> Module_Settings_2 variable
A10: uint8_t | B10: Module_Settings_3 | C10: 1 | D10: =CONCATENATE(B10," variable") -> Module_Settings_3 variable | G10: =CONCATENATE("SVAR_",$B$5,"_",B10,"_",VLOOKUP(A10,misc!$C$2:$E$15,3,FALSE)) -> SVAR_CONF_Module_Settings_3_u8 | H10: =(VLOOKUP(A10, misc!$C$2:$D$28, 2, FALSE)) -> 1 | I10: =H10* C10 -> 1 | J10: =C10 -> 1 | K10: =D10 -> Module_Settings_3 variable
A11: int16_t | B11: Module_Settings_4 | C11: 1 | D11: =CONCATENATE(B11," variable") -> Module_Settings_4 variable | G11: =CONCATENATE("SVAR_",$B$5,"_",B11,"_",VLOOKUP(A11,misc!$C$2:$E$15,3,FALSE)) -> SVAR_CONF_Module_Settings_4_s16 | H11: =(VLOOKUP(A11, misc!$C$2:$D$28, 2, FALSE)) -> 2 | I11: =H11* C11 -> 2 | J11: =C11 -> 1 | K11: =D11 -> Module_Settings_4 variable
A12: uint8_t | B12: Module_Settings_5 | C12: 1 | D12: =CONCATENATE(B12," variable") -> Module_Settings_5 variable | G12: =CONCATENATE("SVAR_",$B$5,"_",B12,"_",VLOOKUP(A12,misc!$C$2:$E$15,3,FALSE)) -> SVAR_CONF_Module_Settings_5_u8 | H12: =(VLOOKUP(A12, misc!$C$2:$D$28, 2, FALSE)) -> 1 | I12: =H12* C12 -> 1 | J12: =C12 -> 1 | K12: =D12 -> Module_Settings_5 variable
A13: uint8_t | B13: Module_Settings_6 | C13: 1 | D13: =CONCATENATE(B13," variable") -> Module_Settings_6 variable | G13: =CONCATENATE("SVAR_",$B$5,"_",B13,"_",VLOOKUP(A13,misc!$C$2:$E$15,3,FALSE)) -> SVAR_CONF_Module_Settings_6_u8 | H13: =(VLOOKUP(A13, misc!$C$2:$D$28, 2, FALSE)) -> 1 | I13: =H13* C13 -> 1 | J13: =C13 -> 1 | K13: =D13 -> Module_Settings_6 variable
A14: uint8_t | B14: Module_Settings_7 | C14: 1 | D14: =CONCATENATE(B14," variable") -> Module_Settings_7 variable | G14: =CONCATENATE("SVAR_",$B$5,"_",B14,"_",VLOOKUP(A14,misc!$C$2:$E$15,3,FALSE)) -> SVAR_CONF_Module_Settings_7_u8 | H14: =(VLOOKUP(A14, misc!$C$2:$D$28, 2, FALSE)) -> 1 | I14: =H14* C14 -> 1 | J14: =C14 -> 1 | K14: =D14 -> Module_Settings_7 variable
A15: uint8_t | B15: Module_Settings_8 | C15: 1 | D15: =CONCATENATE(B15," variable") -> Module_Settings_8 variable | G15: =CONCATENATE("SVAR_",$B$5,"_",B15,"_",VLOOKUP(A15,misc!$C$2:$E$15,3,FALSE)) -> SVAR_CONF_Module_Settings_8_u8 | H15: =(VLOOKUP(A15, misc!$C$2:$D$28, 2, FALSE)) -> 1 | I15: =H15* C15 -> 1 | J15: =C15 -> 1 | K15: =D15 -> Module_Settings_8 variable
A16: uint32_t | B16: Module_Settings_9 | C16: 1 | D16: =CONCATENATE(B16," variable") -> Module_Settings_9 variable | G16: =CONCATENATE("SVAR_",$B$5,"_",B16,"_",VLOOKUP(A16,misc!$C$2:$E$15,3,FALSE)) -> SVAR_CONF_Module_Settings_9_u32 | H16: =(VLOOKUP(A16, misc!$C$2:$D$28, 2, FALSE)) -> 4 | I16: =H16* C16 -> 4 | J16: =C16 -> 1 | K16: =D16 -> Module_Settings_9 variable
A17: uint8_t | B17: Module_Settings_10 | C17: 1 | D17: =CONCATENATE(B17," variable") -> Module_Settings_10 variable | G17: =CONCATENATE("SVAR_",$B$5,"_",B17,"_",VLOOKUP(A17,misc!$C$2:$E$15,3,FALSE)) -> SVAR_CONF_Module_Settings_10_u8 | H17: =(VLOOKUP(A17, misc!$C$2:$D$28, 2, FALSE)) -> 1 | I17: =H17* C17 -> 1 | J17: =C17 -> 1 | K17: =D17 -> Module_Settings_10 variable
A18: uint8_t | B18: Module_Settings_11 | C18: 1 | D18: =CONCATENATE(B18," variable") -> Module_Settings_11 variable | G18: =CONCATENATE("SVAR_",$B$5,"_",B18,"_",VLOOKUP(A18,misc!$C$2:$E$15,3,FALSE)) -> SVAR_CONF_Module_Settings_11_u8 | H18: =(VLOOKUP(A18, misc!$C$2:$D$28, 2, FALSE)) -> 1 | I18: =H18* C18 -> 1 | J18: =C18 -> 1 | K18: =D18 -> Module_Settings_11 variable
A19: uint32_t | B19: Module_Settings_12 | C19: 1 | D19: =CONCATENATE(B19," variable") -> Module_Settings_12 variable | G19: =CONCATENATE("SVAR_",$B$5,"_",B19,"_",VLOOKUP(A19,misc!$C$2:$E$15,3,FALSE)) -> SVAR_CONF_Module_Settings_12_u32 | H19: =(VLOOKUP(A19, misc!$C$2:$D$28, 2, FALSE)) -> 4 | I19: =H19* C19 -> 4 | J19: =C19 -> 1 | K19: =D19 -> Module_Settings_12 variable
... A42: int32_t | B42: Module_Settings_35 | C42: 1 | D42: =CONCATENATE(B42," variable") -> Module_Settings_35 variable | G42: =CONCATENATE("SVAR_",$B$5,"_",B42,"_",VLOOKUP(A42,misc!$C$2:$E$15,3,FALSE)) -> SVAR_CONF_Module_Settings_35_s32 | H42: =(VLOOKUP(A42, misc!$C$2:$D$28, 2, FALSE)) -> 4 | I42: =H42* C42 -> 4 | J42: =C42 -> 1 | K42: =D42 -> Module_Settings_35 variable

Sheet varSheet2
A1: <SECTION> | B1: SEGMENT
A2: Segment | B2: PERFORMANCE
A3: Flavor | B3: RAM_ONLY
A4: Offset Address | B4: 0 | C4: Applicable for EEPROM only
A5: SegmentPrefix | B5: BMS
A6: RefreshTime (sec) | B6: 0 | C6: Applicable for EEPROM only, 0-On Demand, other value - sec | G6: Results
A7: varType | B7: varName | C7: varDepth | D7: varDesc | G7: FinalName | H7: TypeSize | I7: TotalSize | J7: Depth | K7: Comment
A8: uint8_t | B8: MODULE_BATT_1 | C8: 10 | D8: =CONCATENATE(B8," variable") -> MODULE_BATT_1 variable | G8: =CONCATENATE("SVAR_",$B$5,"_",B8,"_",VLOOKUP(A8,misc!$C$2:$E$15,3,FALSE)) -> SVAR_BMS_MODULE_BATT_1_u8 | H8: =(VLOOKUP(A8, misc!$C$2:$D$28, 2, FALSE)) -> 1 | I8: =H8* C8 -> 10 | J8: =C8 -> 10 | K8: =D8 -> MODULE_BATT_1 variable
A9: uint8_t | B9: MODULE_BATT_2 | C9: 1 | D9: =CONCATENATE(B9," variable") -> MODULE_BATT_2 variable | G9: =CONCATENATE("SVAR_",$B$5,"_",B9,"_",VLOOKUP(A9,misc!$C$2:$E$15,3,FALSE)) -> SVAR_BMS_MODULE_BATT_2_u8 | H9: =(VLOOKUP(A9, misc!$C$2:$D$28, 2, FALSE)) -> 1 | I9: =H9* C9 -> 1 | J9: =C9 -> 1 | K9: =D9 -> MODULE_BATT_2 variable
A10: uint8_t | B10: MODULE_BATT_3 | C10: 1 | D10: =CONCATENATE(B10," variable") -> MODULE_BATT_3 variable | G10: =CONCATENATE("SVAR_",$B$5,"_",B10,"_",VLOOKUP(A10,misc!$C$2:$E$15,3,FALSE)) -> SVAR_BMS_MODULE_BATT_3_u8 | H10: =(VLOOKUP(A10, misc!$C$2:$D$28, 2, FALSE)) -> 1 | I10: =H10* C10 -> 1 | J10: =C10 -> 1 | K10: =D10 -> MODULE_BATT_3 variable
A11: int16_t | B11: MODULE_BATT_4 | C11: 1 | D11: =CONCATENATE(B11," variable") -> MODULE_BATT_4 variable | G11: =CONCATENATE("SVAR_",$B$5,"_",B11,"_",VLOOKUP(A11,misc!$C$2:$E$15,3,FALSE)) -> SVAR_BMS_MODULE_BATT_4_s16 | H11: =(VLOOKUP(A11, misc!$C$2:$D$28, 2, FALSE)) -> 2 | I11: =H11* C11 -> 2 | J11: =C11 -> 1 | K11: =D11 -> MODULE_BATT_4 variable
A12: uint8_t | B12: MODULE_BATT_5 | C12: 1 | D12: =CONCATENATE(B12," variable") -> MODULE_BATT_5 variable | G12: =CONCATENATE("SVAR_",$B$5,"_",B12,"_",VLOOKUP(A12,misc!$C$2:$E$15,3,FALSE)) -> SVAR_BMS_MODULE_BATT_5_u8 | H12: =(VLOOKUP(A12, misc!$C$2:$D$28, 2, FALSE)) -> 1 | I12: =H12* C12 -> 1 | J12: =C12 -> 1 | K12: =D12 -> MODULE_BATT_5 variable
A13: uint8_t | B13: MODULE_BATT_6 | C13: 1 | D13: =CONCATENATE(B13," variable") -> MODULE_BATT_6 variable | G13: =CONCATENATE("SVAR_",$B$5,"_",B13,"_",VLOOKUP(A13,misc!$C$2:$E$15,3,FALSE)) -> SVAR_BMS_MODULE_BATT_6_u8 | H13: =(VLOOKUP(A13, misc!$C$2:$D$28, 2, FALSE)) -> 1 | I13: =H13* C13 -> 1 | J13: =C13 -> 1 | K13: =D13 -> MODULE_BATT_6 variable
A14: uint8_t | B14: MODULE_BATT_7 | C14: 1 | D14: =CONCATENATE(B14," variable") -> MODULE_BATT_7 variable | G14: =CONCATENATE("SVAR_",$B$5,"_",B14,"_",VLOOKUP(A14,misc!$C$2:$E$15,3,FALSE)) -> SVAR_BMS_MODULE_BATT_7_u8 | H14: =(VLOOKUP(A14, misc!$C$2:$D$28, 2, FALSE)) -> 1 | I14: =H14* C14 -> 1 | J14: =C14 -> 1 | K14: =D14 -> MODULE_BATT_7 variable
A15: uint8_t | B15: MODULE_BATT_8 | C15: 1 | D15: =CONCATENATE(B15," variable") -> MODULE_BATT_8 variable | G15: =CONCATENATE("SVAR_",$B$5,"_",B15,"_",VLOOKUP(A15,misc!$C$2:$E$15,3,FALSE)) -> SVAR_BMS_MODULE_BATT_8_u8 | H15: =(VLOOKUP(A15, misc!$C$2:$D$28, 2, FALSE)) -> 1 | I15: =H15* C15 -> 1 | J15: =C15 -> 1 | K15: =D15 -> MODULE_BATT_8 variable
A16: uint32_t | B16: MODULE_BATT_9 | C16: 1 | D16: =CONCATENATE(B16," variable") -> MODULE_BATT_9 variable | G16: =CONCATENATE("SVAR_",$B$5,"_",B16,"_",VLOOKUP(A16,misc!$C$2:$E$15,3,FALSE)) -> SVAR_BMS_MODULE_BATT_9_u32 | H16: =(VLOOKUP(A16, misc!$C$2:$D$28, 2, FALSE)) -> 4 | I16: =H16* C16 -> 4 | J16: =C16 -> 1 | K16: =D16 -> MODULE_BATT_9 variable
A17: uint8_t | B17: MODULE_BATT_10 | C17: 1 | D17: =CONCATENATE(B17," variable") -> MODULE_BATT_10 variable | G17: =CONCATENATE("SVAR_",$B$5,"_",B17,"_",VLOOKUP(A17,misc!$C$2:$E$15,3,FALSE)) -> SVAR_BMS_MODULE_BATT_10_u8 | H17: =(VLOOKUP(A17, misc!$C$2:$D$28, 2, FALSE)) -> 1 | I17: =H17* C17 -> 1 | J17: =C17 -> 1 | K17: =D17 -> MODULE_BATT_10 variable
A18: uint8_t | B18: MODULE_BATT_11 | C18: 1 | D18: =CONCATENATE(B18," variable") -> MODULE_BATT_11 variable | G18: =CONCATENATE("SVAR_",$B$5,"_",B18,"_",VLOOKUP(A18,misc!$C$2:$E$15,3,FALSE)) -> SVAR_BMS_MODULE_BATT_11_u8 | H18: =(VLOOKUP(A18, misc!$C$2:$D$28, 2, FALSE)) -> 1 | I18: =H18* C18 -> 1 | J18: =C18 -> 1 | K18: =D18 -> MODULE_BATT_11 variable
A19: uint32_t | B19: MODULE_BATT_12 | C19: 1 | D19: =CONCATENATE(B19," variable") -> MODULE_BATT_12 variable | G19: =CONCATENATE("SVAR_",$B$5,"_",B19,"_",VLOOKUP(A19,misc!$C$2:$E$15,3,FALSE)) -> SVAR_BMS_MODULE_BATT_12_u32 | H19: =(VLOOKUP(A19, misc!$C$2:$D$28, 2, FALSE)) -> 4 | I19: =H19* C19 -> 4 | J19: =C19 -> 1 | K19: =D19 -> MODULE_BATT_12 variable
... A42: int32_t | B42: MODULE_BATT_35 | C42: 1 | D42: =CONCATENATE(B42," variable") -> MODULE_BATT_35 variable | G42: =CONCATENATE("SVAR_",$B$5,"_",B42,"_",VLOOKUP(A42,misc!$C$2:$E$15,3,FALSE)) -> SVAR_BMS_MODULE_BATT_35_s32 | H42: =(VLOOKUP(A42, misc!$C$2:$D$28, 2, FALSE)) -> 4 | I42: =H42* C42 -> 4 | J42: =C42 -> 1 | K42: =D42 -> MODULE_BATT_35 variable

Sheet varSheet3
A1: <SECTION> | B1: SEGMENT
A2: Segment | B2: CALIBRATION
A3: Flavor | B3: SHADOWED_EEPROM
A4: Offset Address | B4: 0 | C4: Applicable for EEPROM only
A5: SegmentPrefix | B5: CAL
A6: RefreshTime (sec) | B6: 0 | C6: Applicable for EEPROM only, 0-On Demand, other value - sec | G6: Results
A7: varType | B7: varName | C7: varDepth | D7: varDesc | G7: FinalName | H7: TypeSize | I7: TotalSize | J7: Depth | K7: Comment
A8: uint8_t | B8: Module_ADC_1 | C8: 10 | D8: =CONCATENATE(B8," variable") -> Module_ADC_1 variable | G8: =CONCATENATE("SVAR_",$B$5,"_",B8,"_",VLOOKUP(A8,misc!$C$2:$E$15,3,FALSE)) -> SVAR_CAL_Module_ADC_1_u8 | H8: =(VLOOKUP(A8, misc!$C$2:$D$28, 2, FALSE)) -> 1 | I8: =H8* C8 -> 10 | J8: =C8 -> 10 | K8: =D8 -> Module_ADC_1 variable
A9: uint8_t | B9: Module_ADC_2 | C9: 1 | D9: =CONCATENATE(B9," variable") -> Module_ADC_2 variable | G9: =CONCATENATE("SVAR_",$B$5,"_",B9,"_",VLOOKUP(A9,misc!$C$2:$E$15,3,FALSE)) -> SVAR_CAL_Module_ADC_2_u8 | H9: =(VLOOKUP(A9, misc!$C$2:$D$28, 2, FALSE)) -> 1 | I9: =H9* C9 -> 1 | J9: =C9 -> 1 | K9: =D9 -> Module_ADC_2 variable
A10: uint8_t | B10: Module_ADC_3 | C10: 1 | D10: =CONCATENATE(B10," variable") -> Module_ADC_3 variable | G10: =CONCATENATE("SVAR_",$B$5,"_",B10,"_",VLOOKUP(A10,misc!$C$2:$E$15,3,FALSE)) -> SVAR_CAL_Module_ADC_3_u8 | H10: =(VLOOKUP(A10, misc!$C$2:$D$28, 2, FALSE)) -> 1 | I10: =H10* C10 -> 1 | J10: =C10 -> 1 | K10: =D10 -> Module_ADC_3 variable
A11: int16_t | B11: Module_ADC_4 | C11: 1 | D11: =CONCATENATE(B11," variable") -> Module_ADC_4 variable | G11: =CONCATENATE("SVAR_",$B$5,"_",B11,"_",VLOOKUP(A11,misc!$C$2:$E$15,3,FALSE)) -> SVAR_CAL_Module_ADC_4_s16 | H11: =(VLOOKUP(A11, misc!$C$2:$D$28, 2, FALSE)) -> 2 | I11: =H11* C11 -> 2 | J11: =C11 -> 1 | K11: =D11 -> Module_ADC_4 variable
A12: uint8_t | B12: Module_ADC_5 | C12: 1 | D12: =CONCATENATE(B12," variable") -> Module_ADC_5 variable | G12: =CONCATENATE("SVAR_",$B$5,"_",B12,"_",VLOOKUP(A12,misc!$C$2:$E$15,3,FALSE)) -> SVAR_CAL_Module_ADC_5_u8 | H12: =(VLOOKUP(A12, misc!$C$2:$D$28, 2, FALSE)) -> 1 | I12: =H12* C12 -> 1 | J12: =C12 -> 1 | K12: =D12 -> Module_ADC_5 variable
A13: uint8_t | B13: Module_ADC_6 | C13: 1 | D13: =CONCATENATE(B13," variable") -> Module_ADC_6 variable | G13: =CONCATENATE("SVAR_",$B$5,"_",B13,"_",VLOOKUP(A13,misc!$C$2:$E$15,3,FALSE)) -> SVAR_CAL_Module_ADC_6_u8 | H13: =(VLOOKUP(A13, misc!$C$2:$D$28, 2, FALSE)) -> 1 | I13: =H13* C13 -> 1 | J13: =C13 -> 1 | K13: =D13 -> Module_ADC_6 variable
A14: uint8_t | B14: Module_ADC_7 | C14: 1 | D14: =CONCATENATE(B14," variable") -> Module_ADC_7 variable | G14: =CONCATENATE("SVAR_",$B$5,"_",B14,"_",VLOOKUP(A14,misc!$C$2:$E$15,3,FALSE)) -> SVAR_CAL_Module_ADC_7_u8 | H14: =(VLOOKUP(A14, misc!$C$2:$D$28, 2, FALSE)) -> 1 | I14: =H14* C14 -> 1 | J14: =C14 -> 1 | K14: =D14 -> Module_ADC_7 variable
A15: uint8_t | B15: Module_ADC_8 | C15: 1 | D15: =CONCATENATE(B15," variable") -> Module_ADC_8 variable | G15: =CONCATENATE("SVAR_",$B$5,"_",B15,"_",VLOOKUP(A15,misc!$C$2:$E$15,3,FALSE)) -> SVAR_CAL_Module_ADC_8_u8 | H15: =(VLOOKUP(A15, misc!$C$2:$D$28, 2, FALSE)) -> 1 | I15: =H15* C15 -> 1 | J15: =C15 -> 1 | K15: =D15 -> Module_ADC_8 variable
A16: uint32_t | B16: Module_ADC_9 | C16: 1 | D16: =CONCATENATE(B16," variable") -> Module_ADC_9 variable | G16: =CONCATENATE("SVAR_",$B$5,"_",B16,"_",VLOOKUP(A16,misc!$C$2:$E$15,3,FALSE)) -> SVAR_CAL_Module_ADC_9_u32 | H16: =(VLOOKUP(A16, misc!$C$2:$D$28, 2, FALSE)) -> 4 | I16: =H16* C16 -> 4 | J16: =C16 -> 1 | K16: =D16 -> Module_ADC_9 variable
A17: uint8_t | B17: Module_ADC_10 | C17: 1 | D17: =CONCATENATE(B17," variable") -> Module_ADC_10 variable | G17: =CONCATENATE("SVAR_",$B$5,"_",B17,"_",VLOOKUP(A17,misc!$C$2:$E$15,3,FALSE)) -> SVAR_CAL_Module_ADC_10_u8 | H17: =(VLOOKUP(A17, misc!$C$2:$D$28, 2, FALSE)) -> 1 | I17: =H17* C17 -> 1 | J17: =C17 -> 1 | K17: =D17 -> Module_ADC_10 variable
A18: uint8_t | B18: Module_ADC_11 | C18: 1 | D18: =CONCATENATE(B18," variable") -> Module_ADC_11 variable | G18: =CONCATENATE("SVAR_",$B$5,"_",B18,"_",VLOOKUP(A18,misc!$C$2:$E$15,3,FALSE)) -> SVAR_CAL_Module_ADC_11_u8 | H18: =(VLOOKUP(A18, misc!$C$2:$D$28, 2, FALSE)) -> 1 | I18: =H18* C18 -> 1 | J18: =C18 -> 1 | K18: =D18 -> Module_ADC_11 variable
A19: uint32_t | B19: Module_ADC_12 | C19: 1 | D19: =CONCATENATE(B19," variable") -> Module_ADC_12 variable | G19: =CONCATENATE("SVAR_",$B$5,"_",B19,"_",VLOOKUP(A19,misc!$C$2:$E$15,3,FALSE)) -> SVAR_CAL_Module_ADC_12_u32 | H19: =(VLOOKUP(A19, misc!$C$2:$D$28, 2, FALSE)) -> 4 | I19: =H19* C19 -> 4 | J19: =C19 -> 1 | K19: =D19 -> Module_ADC_12 variable
... A42: int32_t | B42: Module_ADC_35 | C42: 1 | D42: =CONCATENATE(B42," variable") -> Module_ADC_35 variable | G42: =CONCATENATE("SVAR_",$B$5,"_",B42,"_",VLOOKUP(A42,misc!$C$2:$E$15,3,FALSE)) -> SVAR_CAL_Module_ADC_35_s32 | H42: =(VLOOKUP(A42, misc!$C$2:$D$28, 2, FALSE)) -> 4 | I42: =H42* C42 -> 4 | J42: =C42 -> 1 | K42: =D42 -> Module_ADC_35 variable

Sheet misc
A1: Segment Types | B1: SegmentFlavor | C1: VarTypes | D1: varSizes | E1: varSuffixes | F1: Radices | N1: YES
A2: CONFIGURATION | B2: RAM_ONLY | C2: bool | D2: 1 | E2: b | F2: HEX | N2: NO
A3: PERFORMANCE | B3: EEPROM_ONLY | C3: char | D3: 1 | E3: c | F3: DEC
A4: CALIBRATION | B4: SHADOWED_EEPROM | C4: uint8_t | D4: 1 | E4: u8
C5: int8_t | D5: 1 | E5: s8
C6: uint16_t | D6: 2 | E6: u16
C7: int16_t | D7: 2 | E7: s16
C8: uint32_t | D8: 4 | E8: u32
C9: int32_t | D9: 4 | E9: s32
C10: uint64_t | D10: 8 | E10: u64
C11: int64_t | D11: 8 | E11: s64
C12: float | D12: 4 | E12: f
C13: double | D13: 8 | E13: d
C14: long double | D14: 16 | E14: ld
C15: svAdd | D15: 4 | E15: add
